epoch;step;loss;recons_w_loss;recons_chi_loss
0;0;125.83833;1568.2098;
1;90;119.12332;1544.4556;
2;180;118.20714;1534.5339;
3;270;117.48326;1524.1552;
4;360;116.29438;1506.2623;
5;450;113.43904;1463.6919;
6;540;105.82016;1337.5515;
7;630;93.28303;1187.4576;
8;720;83.73222;1099.7484;
9;810;77.17525;1028.1415;
10;900;70.31882;950.33856;
11;990;63.90094;885.355;
12;1080;59.11607;834.8776;
13;1170;55.19337;790.82214;
14;1260;51.709152;750.7176;
15;1350;48.531906;712.99835;
16;1440;45.61124;677.2564;
17;1530;42.93159;643.8554;
18;1620;40.47751;612.9015;
19;1710;38.220493;584.2395;
20;1800;36.137283;557.70703;
21;1890;34.211063;533.5721;
22;1980;32.430695;511.7822;
23;2070;30.785318;492.17166;
24;2160;29.260561;474.089;
25;2250;27.834948;457.31818;
26;2340;26.497873;441.44037;
27;2430;25.240908;426.26477;
28;2520;24.05869;411.6725;
29;2610;22.944164;397.57147;
30;2700;21.894796;383.9429;
31;2790;20.908304;370.81512;
32;2880;19.979662;358.116;
33;2970;19.105635;346.0556;
34;3060;18.283022;334.57132;
35;3150;17.509531;323.61737;
36;3240;16.781895;313.15686;
37;3330;16.095785;303.12756;
38;3420;15.448344;293.5062;
39;3510;14.837058;284.27454;
40;3600;14.258469;275.40164;
41;3690;13.710763;266.86633;
42;3780;13.1915245;258.64996;
43;3870;12.698425;250.7275;
44;3960;12.229404;243.08154;
45;4050;11.7825;235.69473;
46;4140;11.355529;228.54999;
47;4230;10.946905;221.62993;
48;4320;10.55467;214.91853;
49;4410;10.176861;208.40024;
50;4500;9.811545;202.0589;
51;4590;9.457062;195.88026;
52;4680;9.1124115;189.86058;
53;4770;8.7766485;184.00041;
54;4860;8.449454;178.30603;
55;4950;8.13082;172.79204;
56;5040;7.8219843;167.4665;
57;5130;7.522817;162.33067;
58;5220;7.2337923;157.38263;
59;5310;6.9555;152.62154;
60;5400;6.688512;148.04866;
61;5490;6.4334326;143.66405;
62;5580;6.1906085;139.47333;
63;5670;5.9608583;135.46988;
64;5760;5.7435145;131.6338;
65;5850;5.536595;127.959305;
66;5940;5.339653;124.450165;
67;6030;5.1526465;121.10088;
68;6120;4.9750285;117.90571;
69;6210;4.8062577;114.85868;
70;6300;4.64585;111.95339;
71;6390;4.4935007;109.183365;
72;6480;4.348733;106.54136;
73;6570;4.2111692;104.02071;
74;6660;4.0804415;101.612816;
75;6750;3.9562492;99.30884;
76;6840;3.8382776;97.099174;
77;6930;3.7261941;94.975;
78;7020;3.6196787;92.92906;
79;7110;3.518437;90.95699;
80;7200;3.422225;89.0562;
81;7290;3.3306265;87.22439;
82;7380;3.2432036;85.458694;
83;7470;3.1595433;83.75548;
84;7560;3.0792499;82.11064;
85;7650;3.0019426;80.52003;
86;7740;2.9272597;78.97983;
87;7830;2.8548858;77.48649;
88;7920;2.7845156;76.03677;
89;8010;2.715903;74.62773;
90;8100;2.648867;73.25722;
91;8190;2.5834386;71.923546;
92;8280;2.519352;70.62395;
93;8370;2.4565337;69.356865;
94;8460;2.3950026;68.12065;
95;8550;2.3348327;66.914276;
96;8640;2.2760718;65.736336;
97;8730;2.2187414;64.58583;
98;8820;2.1629148;63.46187;
99;8910;2.108604;62.36346;
100;9000;2.0557904;61.2897;
101;9090;2.0044394;60.239655;
102;9180;1.9545083;59.212486;
103;9270;1.905966;58.207417;
104;9360;1.8587642;57.223717;
105;9450;1.8128493;56.26067;
106;9540;1.7681569;55.317585;
107;9630;1.7246655;54.393776;
108;9720;1.6823142;53.48867;
109;9810;1.6410325;52.601707;
110;9900;1.6008099;51.732376;
111;9990;1.5615861;50.880234;
112;10080;1.5233294;50.044785;
113;10170;1.4860117;49.225674;
114;10260;1.4495753;48.42244;
115;10350;1.414014;47.63486;
116;10440;1.3793068;46.86257;
117;10530;1.3453966;46.1052;
118;10620;1.3122995;45.362465;
119;10710;1.2799797;44.63395;
120;10800;1.248408;43.919415;
121;10890;1.2176037;43.218575;
122;10980;1.1875635;42.53109;
123;11070;1.1582679;41.856686;
124;11160;1.1297171;41.19511;
125;11250;1.1019273;40.546032;
126;11340;1.0749075;39.90917;
127;11430;1.0486232;39.284267;
128;11520;1.0231187;38.67109;
129;11610;0.99836713;38.069355;
130;11700;0.974404;37.47881;
131;11790;0.9512171;36.899197;
132;11880;0.928791;36.33039;
133;11970;0.90714425;35.77216;
134;12060;0.886268;35.224384;
135;12150;0.86616135;34.686844;
136;12240;0.8468003;34.15954;
137;12330;0.82818586;33.642345;
138;12420;0.8103074;33.135136;
139;12510;0.79313123;32.637936;
140;12600;0.77664465;32.150658;
141;12690;0.7608207;31.673283;
142;12780;0.74563396;31.205765;
143;12870;0.7310666;30.748075;
144;12960;0.7170751;30.30013;
145;13050;0.7036462;29.86184;
146;13140;0.6907431;29.433195;
147;13230;0.6783419;29.014042;
148;13320;0.6664097;28.604275;
149;13410;0.65492415;28.203808;
150;13500;0.6438504;27.812466;
151;13590;0.63317174;27.43013;
152;13680;0.6228518;27.056543;
153;13770;0.6128764;26.69166;
154;13860;0.60321915;26.335182;
155;13950;0.5938568;25.987005;
156;14040;0.58477503;25.6469;
157;14130;0.5759428;25.314663;
158;14220;0.5673508;24.990093;
159;14310;0.5589766;24.672935;
160;14400;0.5508016;24.363039;
161;14490;0.54282314;24.06012;
162;14580;0.5350013;23.76398;
163;14670;0.52734894;23.474468;
164;14760;0.5198358;23.191261;
165;14850;0.5124588;22.914188;
166;14940;0.5052023;22.642962;
167;15030;0.49805704;22.377531;
168;15120;0.49102935;22.117561;
169;15210;0.4841104;21.86293;
170;15300;0.47729322;21.613596;
171;15390;0.47058737;21.36934;
172;15480;0.46399155;21.130037;
173;15570;0.45750356;20.895641;
174;15660;0.4511337;20.665916;
175;15750;0.44487113;20.440691;
176;15840;0.43870687;20.219835;
177;15930;0.4326481;20.00325;
178;16020;0.4266987;19.790726;
179;16110;0.42082867;19.582222;
180;16200;0.41506496;19.377663;
181;16290;0.4093888;19.177073;
182;16380;0.40382436;18.98039;
183;16470;0.39835557;18.787584;
184;16560;0.39300245;18.598665;
185;16650;0.38775766;18.4137;
186;16740;0.38264817;18.232584;
187;16830;0.37766626;18.055422;
188;16920;0.37283608;17.882118;
189;17010;0.36801943;17.712671;
190;17100;0.36329216;17.547142;
191;17190;0.3587778;17.385427;
192;17280;0.3545018;17.227379;
193;17370;0.35045683;17.072914;
194;17460;0.3466429;16.921774;
195;17550;0.34305927;16.773933;
196;17640;0.33968726;16.629166;
197;17730;0.33654064;16.487352;
198;17820;0.3335705;16.348404;
199;17910;0.33078063;16.212101;
200;18000;0.32816586;16.078445;
201;18090;0.32568872;15.947302;
202;18180;0.32332405;15.818571;
203;18270;0.3210528;15.692223;
204;18360;0.31886494;15.56826;
205;18450;0.31672734;15.446631;
206;18540;0.31462306;15.327334;
207;18630;0.31254598;15.210384;
208;18720;0.31049109;15.095768;
209;18810;0.3084369;14.983529;
210;18900;0.30639505;14.873606;
211;18990;0.304372;14.766007;
212;19080;0.3023599;14.66073;
213;19170;0.30036473;14.55777;
214;19260;0.2983998;14.457013;
215;19350;0.29644215;14.358498;
216;19440;0.2945393;14.262081;
217;19530;0.29268596;14.167856;
218;19620;0.29085493;14.075631;
219;19710;0.289057;13.985416;
220;19800;0.28732163;13.897138;
221;19890;0.2856271;13.810781;
222;19980;0.28395334;13.726226;
223;20070;0.28232974;13.643433;
224;20160;0.28075507;13.562373;
225;20250;0.27919823;13.482995;
226;20340;0.27770042;13.405252;
227;20430;0.27621716;13.329022;
228;20520;0.2747748;13.254374;
229;20610;0.2733468;13.181189;
230;20700;0.2719605;13.109396;
231;20790;0.27060574;13.03897;
232;20880;0.26927623;12.969918;
233;20970;0.26796478;12.9021635;
234;21060;0.2666733;12.835671;
235;21150;0.26541048;12.770401;
236;21240;0.26418146;12.706401;
237;21330;0.26296315;12.643543;
238;21420;0.26178217;12.581853;
239;21510;0.2606247;12.521323;
240;21600;0.25949365;12.461918;
241;21690;0.25838235;12.403647;
242;21780;0.25730708;12.346397;
243;21870;0.2562462;12.290255;
244;21960;0.25522232;12.235159;
245;22050;0.25421226;12.181073;
246;22140;0.2532341;12.128035;
247;22230;0.25228703;12.075952;
248;22320;0.25135505;12.024728;
249;22410;0.25042853;11.9744425;
250;22500;0.24955063;11.925019;
251;22590;0.24868512;11.876356;
252;22680;0.24784306;11.8284235;
253;22770;0.24701546;11.781153;
254;22860;0.24621889;11.7345;
255;22950;0.2454274;11.688309;
256;23040;0.24464686;11.642684;
257;23130;0.24388424;11.597393;
258;23220;0.24311593;11.552631;
259;23310;0.24237065;11.508156;
260;23400;0.24161103;11.464128;
261;23490;0.24087052;11.420498;
262;23580;0.24011603;11.377263;
263;23670;0.23936006;11.334427;
264;23760;0.23859736;11.292091;
265;23850;0.23781607;11.250197;
266;23940;0.23702225;11.208788;
267;24030;0.23621704;11.167861;
268;24120;0.23539379;11.127465;
269;24210;0.23453759;11.087471;
270;24300;0.23363835;11.047966;
271;24390;0.23271826;11.0089;
272;24480;0.23174687;10.970207;
273;24570;0.2307278;10.93185;
274;24660;0.22962674;10.893855;
275;24750;0.22848211;10.856106;
276;24840;0.22724883;10.8186865;
277;24930;0.2259394;10.781491;
278;25020;0.22452225;10.744431;
279;25110;0.22298156;10.70754;
280;25200;0.22131738;10.670711;
281;25290;0.2195064;10.633965;
282;25380;0.21750617;10.59738;
283;25470;0.21534382;10.560828;
284;25560;0.21296461;10.52454;
285;25650;0.21037605;10.488503;
286;25740;0.2075519;10.452866;
287;25830;0.20448385;10.417977;
288;25920;0.20119192;10.384079;
289;26010;0.1976895;10.35182;
290;26100;0.19405118;10.321703;
291;26190;0.19034241;10.294558;
292;26280;0.1866872;10.271169;
293;26370;0.18324134;10.253073;
294;26460;0.18021284;10.240744;
295;26550;0.17773423;10.234135;
296;26640;0.17607419;10.233691;
297;26730;0.17552374;10.239356;
298;26820;0.17624593;10.250071;
299;26910;0.17839724;10.264187;
300;27000;0.18179034;10.279001;
301;27090;0.18629864;10.291821;
302;27180;0.19114368;10.299341;
303;27270;0.19613205;10.299839;
304;27360;0.20067471;10.292345;
305;27450;0.2044755;10.276996;
306;27540;0.20799968;10.255052;
307;27630;0.21059959;10.227268;
308;27720;0.21296217;10.195535;
309;27810;0.2151018;10.161389;
310;27900;0.21642554;10.125523;
311;27990;0.2181495;10.0906;
312;28080;0.21972184;10.057708;
313;28170;0.21939786;10.024353;
314;28260;0.22084418;9.995528;
315;28350;0.22146025;9.969233;
316;28440;0.21806535;9.935454;
317;28530;0.22181018;9.9182415;
318;28620;0.21862064;9.898702;
319;28710;0.2120794;9.863789;
320;28800;0.22972529;9.915561;
321;28890;0.18647213;9.761693;
322;28980;0.29537198;10.202332;
323;29070;0.14724468;9.57983;
324;29160;0.2970278;10.080019;
325;29250;0.4449456;10.938326;
326;29340;0.7551079;12.097525;
327;29430;0.48340496;9.962165;
328;29520;0.2701164;9.745922;
329;29610;0.20691495;9.286865;
330;29700;0.1847745;8.936203;
331;29790;0.17115591;8.743307;
332;29880;0.15955786;8.656714;
333;29970;0.15187328;8.62082;
334;30060;0.14872926;8.610111;
335;30150;0.14803565;8.614724;
336;30240;0.14803466;8.630567;
337;30330;0.14850482;8.654219;
338;30420;0.14881258;8.681936;
339;30510;0.14949526;8.711954;
340;30600;0.14989272;8.740344;
341;30690;0.15226369;8.771608;
342;30780;0.15170595;8.790129;
343;30870;0.16522664;8.852392;
344;30960;0.13910243;8.801736;
345;31050;0.29732186;9.931746;
346;31140;0.33914724;9.9601;
347;31230;0.5894056;12.8498535;
348;31320;0.9750625;11.631295;
349;31410;1.1541464;11.172099;
350;31500;0.25655675;9.001664;
351;31590;0.20612645;8.172868;
352;31680;0.11774429;8.263975;
353;31770;0.10162059;8.247285;
354;31860;0.099118225;8.234199;
355;31950;0.09876593;8.2326765;
356;32040;0.09926026;8.225317;
357;32130;0.10025283;8.209911;
358;32220;0.10143543;8.185595;
359;32310;0.102558866;8.152757;
360;32400;0.10358462;8.1150255;
361;32490;0.10463346;8.07877;
362;32580;0.105862334;8.049833;
363;32670;0.10731484;8.032087;
364;32760;0.10899158;8.025851;
365;32850;0.11078923;8.0290365;
366;32940;0.11268899;8.038431;
367;33030;0.11462929;8.0514345;
368;33120;0.11692765;8.065757;
369;33210;0.11899049;8.081258;
370;33300;0.12325528;8.091268;
371;33390;0.121246286;8.1223;
372;33480;0.14925243;8.152734;
373;33570;0.11221083;9.706545;
374;33660;0.6137131;19.509615;
375;33750;4.651328;12.600465;
376;33840;0.37695947;7.7524753;
377;33930;0.13319938;7.9175076;
378;34020;0.102565564;7.9245415;
379;34110;0.09347058;7.890757;
380;34200;0.0892842;7.8592377;
381;34290;0.08678353;7.839328;
382;34380;0.085048445;7.827094;
383;34470;0.08393736;7.818006;
384;34560;0.08350756;7.8095064;
385;34650;0.083669454;7.7978816;
386;34740;0.08418968;7.7803364;
387;34830;0.08486307;7.757851;
388;34920;0.08557142;7.7323227;
389;35010;0.0862073;7.703449;
390;35100;0.08670916;7.6708136;
391;35190;0.087190926;7.6373525;
392;35280;0.08786608;7.608326;
393;35370;0.088863395;7.5875907;
394;35460;0.09016944;7.5784845;
395;35550;0.091746;7.5826764;
396;35640;0.093478195;7.6008506;
397;35730;0.0953208;7.6300063;
398;35820;0.09705918;7.670259;
399;35910;0.099051096;7.712151;
400;36000;0.100170836;7.774568;
401;36090;0.10551894;7.766768;
402;36180;0.09876709;8.29395;
403;36270;0.24019808;11.057347;
404;36360;0.7894684;8.086266;
405;36450;0.1949507;7.4782906;
406;36540;0.15440772;7.463447;
407;36630;0.10364695;7.468458;
408;36720;0.14254172;7.753452;
409;36810;0.16711718;9.07466;
410;36900;0.29047552;10.768316;
411;36990;0.7423373;7.9069214;
412;37080;0.15132433;7.449931;
413;37170;0.1262888;7.3733697;
414;37260;0.10099978;7.204626;
415;37350;0.09412651;7.2182074;
416;37440;0.095136195;7.1826386;
417;37530;0.093178846;7.1998596;
418;37620;0.0964501;7.187156;
419;37710;0.09178452;7.301484;
420;37800;0.113648616;7.4132953;
421;37890;0.12715377;9.214211;
422;37980;0.38473192;14.757005;
423;38070;3.6755943;12.940171;
424;38160;0.34341127;7.1944265;
425;38250;0.14062843;7.308688;
426;38340;0.096834116;7.291883;
427;38430;0.08664164;7.254888;
428;38520;0.08245302;7.2267175;
429;38610;0.0801712;7.2052994;
430;38700;0.07879908;7.189725;
431;38790;0.07801359;7.180435;
432;38880;0.07763322;7.172747;
433;38970;0.077457726;7.1582313;
434;39060;0.077383496;7.1332474;
435;39150;0.07749104;7.101714;
436;39240;0.07785825;7.066511;
437;39330;0.07844752;7.030506;
438;39420;0.0792584;6.999333;
439;39510;0.080338776;6.9782667;
440;39600;0.081605256;6.970534;
441;39690;0.082906224;6.977081;
442;39780;0.084073156;6.9954023;
443;39870;0.08505113;7.020002;
444;39960;0.085941084;7.048167;
445;40050;0.086905286;7.083404;
446;40140;0.088226564;7.1281624;
447;40230;0.08987518;7.1956186;
448;40320;0.09373183;7.2334256;
449;40410;0.0938973;7.6402974;
450;40500;0.16444734;8.317422;
451;40590;0.66146845;14.850224;
452;40680;0.4015336;8.862276;
453;40770;0.2554922;8.441824;
454;40860;0.2536661;10.340465;
455;40950;0.5027725;7.3449407;
456;41040;0.17783204;6.9835443;
457;41130;0.112478524;6.8384233;
458;41220;0.09963219;6.73689;
459;41310;0.096315116;6.7184486;
460;41400;0.090663835;6.7101645;
461;41490;0.09725541;6.7524295;
462;41580;0.091248915;7.237738;
463;41670;0.18962769;9.341391;
464;41760;0.5194364;7.4542484;
465;41850;0.20328109;6.8722496;
466;41940;0.10685137;6.6308374;
467;42030;0.08888321;6.648525;
468;42120;0.09251036;6.6423745;
469;42210;0.087145686;6.7905693;
470;42300;0.11920949;7.2177286;
471;42390;0.19221953;9.41318;
472;42480;0.32123184;10.952182;
473;42570;0.8532886;7.3719296;
474;42660;0.15464687;6.9759893;
475;42750;0.11039024;6.7868657;
476;42840;0.090764344;6.5584364;
477;42930;0.08060273;6.5977817;
478;43020;0.08237409;6.5412173;
479;43110;0.08167325;6.534364;
480;43200;0.08272436;6.5235586;
481;43290;0.08071965;6.5846605;
482;43380;0.09172098;6.6577773;
483;43470;0.097441465;7.9543;
484;43560;0.31311464;13.61841;
485;43650;2.4356685;12.101814;
486;43740;0.5759407;7.320687;
487;43830;0.19572876;6.6582417;
488;43920;0.093423925;6.667391;
489;44010;0.07831812;6.627747;
490;44100;0.07479054;6.6028056;
491;44190;0.07307142;6.5894704;
492;44280;0.071942426;6.5805497;
493;44370;0.07115363;6.5661526;
494;44460;0.07059254;6.5419183;
495;44550;0.07035304;6.510764;
496;44640;0.07044699;6.474133;
497;44730;0.07077611;6.4350104;
498;44820;0.0713137;6.399174;
499;44910;0.0720546;6.372475;
500;45000;0.07291732;6.3582187;
501;45090;0.073736295;6.3564405;
502;45180;0.07437791;6.363372;
503;45270;0.07486183;6.3766484;
504;45360;0.07533976;6.3973894;
505;45450;0.07571302;6.433221;
506;45540;0.07690023;6.4685407;
507;45630;0.07650869;6.6141148;
508;45720;0.095776506;6.6370606;
509;45810;0.18351854;12.571381;
510;45900;0.4525574;12.492098;
511;45990;0.7260269;7.191567;
512;46080;0.2165015;6.508429;
513;46170;0.10381927;6.2780786;
514;46260;0.08827931;6.271879;
515;46350;0.09297359;6.3146377;
516;46440;0.09504027;6.6526585;
517;46530;0.14024273;7.5428023;
518;46620;0.28742772;9.100541;
519;46710;0.26213247;8.244991;
520;46800;0.28673;7.0449324;
521;46890;0.15908125;6.7167897;
522;46980;0.1194975;6.1621857;
523;47070;0.08904535;6.219688;
524;47160;0.081772685;6.1978064;
525;47250;0.10056764;6.555938;
526;47340;0.14313646;8.7182;
527;47430;0.2939572;10.66068;
528;47520;0.75568146;6.8228436;
529;47610;0.2022073;6.6891556;
530;47700;0.09773746;6.2639675;
531;47790;0.08655333;6.1360226;
532;47880;0.078266725;6.1285996;
533;47970;0.07709838;6.023816;
534;48060;0.07313277;6.056531;
535;48150;0.07649171;6.0502625;
536;48240;0.07339531;6.2624364;
537;48330;0.11487579;7.0897627;
538;48420;0.2884312;11.235991;
539;48510;0.3275259;8.94023;
540;48600;0.37820578;7.2790613;
541;48690;0.18245508;6.7552357;
542;48780;0.1256288;6.041816;
543;48870;0.07990246;6.0391736;
544;48960;0.08381788;6.088675;
545;49050;0.07872927;6.273605;
546;49140;0.13556968;7.5123806;
547;49230;0.32099625;9.754274;
548;49320;0.2851119;7.795948;
549;49410;0.22806996;6.6101785;
550;49500;0.13577628;6.6186843;
551;49590;0.115465716;6.1851087;
552;49680;0.11395718;6.545536;
553;49770;0.12784086;7.3138304;
554;49860;0.20076951;8.195517;
555;49950;0.35301954;7.9883184;
556;50040;0.21856725;6.8659854;
557;50130;0.14176445;5.938836;
558;50220;0.08003577;5.9613504;
559;50310;0.079490066;5.94957;
560;50400;0.073137276;6.0123873;
561;50490;0.108599536;6.7474155;
562;50580;0.22991754;10.463745;
563;50670;0.29944786;8.191525;
564;50760;0.30976245;7.795463;
565;50850;0.193924;7.294656;
566;50940;0.1717297;6.281193;
567;51030;0.12164931;6.393143;
568;51120;0.10182587;6.0867934;
569;51210;0.116062745;6.656119;
570;51300;0.16218092;8.178489;
571;51390;0.22893961;7.932253;
572;51480;0.30557686;7.921407;
573;51570;0.19971079;7.0136375;
574;51660;0.15308627;6.01027;
575;51750;0.10125315;6.1513906;
576;51840;0.08685919;5.975744;
577;51930;0.110885695;6.603142;
578;52020;0.17527929;8.803792;
579;52110;0.24693325;7.8538556;
580;52200;0.2930605;8.004661;
581;52290;0.19799554;7.182486;
582;52380;0.1682022;6.197097;
583;52470;0.11815871;6.3304076;
584;52560;0.10113145;6.077095;
585;52650;0.12203086;6.7490616;
586;52740;0.18545823;8.486254;
587;52830;0.22788855;7.4830694;
588;52920;0.23493578;7.563425;
589;53010;0.18105999;7.180866;
590;53100;0.17765902;6.6434765;
591;53190;0.14449112;6.6542926;
592;53280;0.13208249;6.4498644;
593;53370;0.14282185;6.941827;
594;53460;0.1910159;7.903336;
595;53550;0.20069796;7.194003;
596;53640;0.1935198;7.071568;
597;53730;0.16280787;7.0044208;
598;53820;0.17068532;6.909735;
599;53910;0.15907753;6.8689685;
600;54000;0.16111106;6.931494;
601;54090;0.16150466;7.0171995;
602;54180;0.18634416;7.40894;
603;54270;0.17841421;7.031527;
604;54360;0.17661986;6.954703;
605;54450;0.15906034;6.928879;
606;54540;0.16906953;7.0300627;
607;54630;0.16400504;6.9391675;
608;54720;0.1731833;7.1251206;
609;54810;0.16701874;6.9909406;
610;54900;0.17902629;7.172073;
611;54990;0.1676561;6.952975;
612;55080;0.17189687;7.004688;
613;55170;0.16123773;6.9231725;
614;55260;0.17197298;7.1060834;
615;55350;0.16544168;6.936504;
616;55440;0.17386673;7.1166925;
617;55530;0.16507031;6.944765;
618;55620;0.17481272;7.121362;
619;55710;0.16476053;6.9197145;
620;55800;0.17152026;7.0611444;
621;55890;0.16248116;6.9143133;
622;55980;0.17298467;7.1295567;
623;56070;0.16470863;6.9114957;
624;56160;0.17233855;7.0992565;
625;56250;0.16314456;6.9111276;
626;56340;0.1732538;7.130886;
627;56430;0.16388293;6.894914;
628;56520;0.17110309;7.0859647;
629;56610;0.16208626;6.895923;
630;56700;0.17292666;7.1479807;
631;56790;0.16381334;6.883665;
632;56880;0.17084417;7.092939;
633;56970;0.16161402;6.8870444;
634;57060;0.17297447;7.160602;
635;57150;0.16342422;6.8675175;
636;57240;0.16975714;7.0835614;
637;57330;0.16063364;6.8771996;
638;57420;0.17333223;7.1887307;
639;57510;0.16350469;6.850975;
640;57600;0.16846094;7.067118;
641;57690;0.15942548;6.8718963;
642;57780;0.17444818;7.2324677;
643;57870;0.16394533;6.8287725;
644;57960;0.16604073;7.0233684;
645;58050;0.15747002;6.873838;
646;58140;0.17719659;7.316163;
647;58230;0.16539271;6.7941074;
648;58320;0.16120236;6.918796;
649;58410;0.15387312;6.893032;
650;58500;0.18382639;7.487953;
651;58590;0.16903909;6.7307315;
652;58680;0.15105301;6.66623;
653;58770;0.14783747;6.980371;
654;58860;0.20326927;7.878352;
655;58950;0.17821655;6.598295;
656;59040;0.1297074;6.036687;
657;59130;0.1300617;7.0318403;
658;59220;0.22820732;8.459265;
659;59310;0.19640978;6.438081;
660;59400;0.111871995;5.521771;
661;59490;0.091114916;6.044812;
662;59580;0.110582285;7.0116677;
663;59670;0.1827863;7.0267963;
664;59760;0.2783293;9.906255;
665;59850;0.21511506;6.6036096;
666;59940;0.11597407;5.5592084;
667;60030;0.09958167;6.338011;
668;60120;0.14119646;7.5256224;
669;60210;0.18575333;6.3465242;
670;60300;0.1296376;7.341833;
671;60390;0.17947216;8.007415;
672;60480;0.38279796;9.565076;
673;60570;0.21055356;6.5914345;
674;60660;0.13961607;5.72782;
675;60750;0.08672563;5.3900013;
676;60840;0.097190805;5.920776;
677;60930;0.10430132;6.6251335;
678;61020;0.16589549;6.911261;
679;61110;0.27620438;9.641733;
680;61200;0.20771949;6.479526;
681;61290;0.1122238;5.4958816;
682;61380;0.08958585;5.9223213;
683;61470;0.0956052;6.4315195;
684;61560;0.17803328;7.647422;
685;61650;0.391223;10.081757;
686;61740;0.22343881;6.528519;
687;61830;0.13555928;5.777213;
688;61920;0.08677471;5.396495;
689;62010;0.10637906;6.1718254;
690;62100;0.13982837;7.434005;
691;62190;0.17538965;6.3000593;
692;62280;0.13421343;7.256582;
693;62370;0.16416569;7.423304;
694;62460;0.31053412;9.330028;
695;62550;0.19750145;6.4491515;
696;62640;0.1198047;5.5997887;
697;62730;0.08106713;5.376561;
698;62820;0.08706366;5.657946;
699;62910;0.08090254;6.1266136;
700;63000;0.19803941;8.959561;
701;63090;0.52708954;8.7938175;
702;63180;0.24018425;6.347951;
703;63270;0.13949361;5.7875466;
704;63360;0.09219798;5.462464;
705;63450;0.08905142;5.5643497;
706;63540;0.07728688;5.3156266;
707;63630;0.07862979;5.543811;
708;63720;0.08465223;6.4330006;
709;63810;0.16106524;7.4042525;
710;63900;0.38730925;10.311143;
711;63990;0.22814587;6.4954176;
712;64080;0.12927496;5.5876427;
713;64170;0.079301424;5.317981;
714;64260;0.09091181;5.797085;
715;64350;0.101358965;6.738671;
716;64440;0.16707745;6.8375406;
717;64530;0.278685;9.896984;
718;64620;0.21111573;6.4187794;
719;64710;0.10602249;5.500077;
720;64800;0.07564712;5.4248686;
721;64890;0.068573415;5.2691593;
722;64980;0.08313717;5.692024;
723;65070;0.11339521;7.1910367;
724;65160;0.21507984;7.3910313;
725;65250;0.4780415;11.709139;
726;65340;0.2675045;6.949629;
727;65430;0.17885575;8.530472;
728;65520;0.30732268;7.3708177;
729;65610;0.17511617;6.125929;
730;65700;0.12580536;6.2065444;
731;65790;0.11396757;5.7960463;
732;65880;0.111460365;5.801928;
733;65970;0.085772306;5.4117208;
734;66060;0.094176546;6.024956;
735;66150;0.14551714;7.7680354;
736;66240;0.1771916;6.1542115;
737;66330;0.10719654;6.648638;
738;66420;0.15551151;7.94082;
739;66510;0.4077374;9.509364;
740;66600;0.21126522;6.4146523;
741;66690;0.13565971;5.9318795;
742;66780;0.095354326;5.4469414;
743;66870;0.10871421;6.049736;
744;66960;0.118348315;6.632265;
745;67050;0.14564207;6.4309187;
746;67140;0.17876679;8.075898;
747;67230;0.16665688;6.360494;
748;67320;0.11985659;6.47805;
749;67410;0.1420053;7.3868012;
750;67500;0.30615237;9.02538;
751;67590;0.1928222;6.296132;
752;67680;0.117640376;5.892056;
753;67770;0.08932384;5.520626;
754;67860;0.12881973;6.865815;
755;67950;0.2514692;8.677747;
756;68040;0.19499663;6.203268;
757;68130;0.1059432;5.900652;
758;68220;0.09231168;5.909216;
759;68310;0.14469011;7.1079564;
760;68400;0.30170354;9.232443;
761;68490;0.20104851;6.2899985;
762;68580;0.11906651;6.2327924;
763;68670;0.116276875;6.196824;
764;68760;0.13652824;6.2600107;
765;68850;0.13782896;7.1428366;
766;68940;0.14696744;6.4114704;
767;69030;0.1596341;7.740371;
768;69120;0.15249732;6.295785;
769;69210;0.12015727;6.8448005;
770;69300;0.14625049;7.194741;
771;69390;0.29747427;9.163702;
772;69480;0.18926539;6.287989;
773;69570;0.12543342;6.848049;
774;69660;0.17627414;6.923903;
775;69750;0.1464912;5.931128;
776;69840;0.084148355;5.363744;
777;69930;0.07860911;5.593256;
778;70020;0.07756906;5.8163304;
779;70110;0.19509926;9.405501;
780;70200;0.57098234;8.151683;
781;70290;0.24255642;6.1271877;
782;70380;0.12811217;5.7383137;
783;70470;0.09647365;5.313129;
784;70560;0.080015175;5.396997;
785;70650;0.074581616;5.175794;
786;70740;0.06764497;5.22328;
787;70830;0.062146887;5.241455;
788;70920;0.08233462;5.7183814;
789;71010;0.1641612;8.862854;
790;71100;0.21095541;6.2527566;
791;71190;0.07435209;5.5408373;
792;71280;0.05713852;5.8303394;
793;71370;0.17271021;9.342846;
794;71460;0.62830776;8.836459;
795;71550;0.265376;6.180366;
796;71640;0.13541608;5.806467;
797;71730;0.101479836;5.280236;
798;71820;0.084058076;5.4201035;
799;71910;0.07726936;5.1621456;
800;72000;0.07336499;5.319548;
801;72090;0.07053156;5.5897555;
802;72180;0.12653334;7.0166;
803;72270;0.37666112;10.018313;
804;72360;0.22621836;6.3037558;
805;72450;0.12547342;5.963523;
806;72540;0.100452155;5.606285;
807;72630;0.11953369;6.2072077;
808;72720;0.14776534;7.163005;
809;72810;0.15085831;6.1806445;
810;72900;0.12164225;6.6362414;
811;72990;0.13884039;6.9386806;
812;73080;0.25737908;8.666141;
813;73170;0.17872593;6.1779165;
814;73260;0.10084386;5.5980945;
815;73350;0.07459043;5.2635098;
816;73440;0.12134348;7.0310016;
817;73530;0.32647166;9.095634;
818;73620;0.21924424;6.303198;
819;73710;0.13661385;7.2665486;
820;73800;0.22872359;7.2560077;
821;73890;0.1608716;5.9753304;
822;73980;0.105140254;5.71502;
823;74070;0.08606231;5.4622526;
824;74160;0.12201557;6.6180916;
825;74250;0.2303037;8.280106;
826;74340;0.18211526;6.0992684;
827;74430;0.096886165;5.7120085;
828;74520;0.08254274;5.672584;
829;74610;0.14188522;7.3781714;
830;74700;0.36371464;9.199558;
831;74790;0.20502341;6.2384157;
832;74880;0.12904096;6.379333;
833;74970;0.12901877;6.027282;
834;75060;0.12422772;5.9025664;
835;75150;0.09101962;5.56993;
836;75240;0.11361453;6.702429;
837;75330;0.25110886;8.511533;
838;75420;0.18848129;6.1735415;
839;75510;0.107762605;6.240232;
840;75600;0.13273738;6.5668263;
841;75690;0.13741206;5.9397526;
842;75780;0.09114315;6.022905;
843;75870;0.13424316;7.3993406;
844;75960;0.3713074;9.269426;
845;76050;0.20192719;6.250608;
846;76140;0.13342991;6.718866;
847;76230;0.15580459;6.301355;
848;76320;0.12959625;5.843571;
849;76410;0.085469745;5.254196;
850;76500;0.082950294;5.688407;
851;76590;0.096862786;6.2477956;
852;76680;0.14950028;6.6520753;
853;76770;0.29007956;9.435325;
854;76860;0.21376309;6.737195;
855;76950;0.14170851;7.912224;
856;77040;0.3168398;7.779314;
857;77130;0.16776736;6.062614;
858;77220;0.12126724;6.0683985;
859;77310;0.10764666;5.556225;
860;77400;0.1100676;5.952326;
861;77490;0.107682;6.0618477;
862;77580;0.12168488;6.3362603;
863;77670;0.18025313;7.7336106;
864;77760;0.15234861;5.984076;
865;77850;0.07858589;5.3634915;
866;77940;0.079591796;5.8173604;
867;78030;0.11473167;6.410173;
868;78120;0.14745982;6.288786;
869;78210;0.23534952;8.905829;
870;78300;0.23133548;7.974424;
871;78390;0.15282314;8.152128;
872;78480;0.39726207;8.533606;
873;78570;0.1708711;6.1467357;
874;78660;0.1338361;6.2455015;
875;78750;0.1179519;5.502841;
876;78840;0.10705127;5.88747;
877;78930;0.09917101;5.655935;
878;79020;0.11306074;6.4165344;
879;79110;0.20012556;7.7408323;
880;79200;0.15567924;5.953445;
881;79290;0.083424404;5.4180145;
882;79380;0.065454915;5.1878915;
883;79470;0.09943683;6.34168;
884;79560;0.24258196;7.4625854;
885;79650;0.17324398;5.9559035;
886;79740;0.088764325;6.1965494;
887;79830;0.18339804;7.6004534;
888;79920;0.16767317;6.461013;
889;80010;0.1074791;6.910774;
890;80100;0.3069665;8.55043;
891;80190;0.19667861;6.791416;
892;80280;0.14148949;8.129765;
893;80370;0.33959576;7.6379685;
894;80460;0.1559875;6.04732;
895;80550;0.1262066;5.8171554;
896;80640;0.10039259;5.2475853;
897;80730;0.09932516;5.847556;
898;80820;0.10728483;5.930719;
899;80910;0.119444296;6.219697;
900;81000;0.17103517;7.4265594;
901;81090;0.14067328;5.911996;
902;81180;0.079557456;5.416387;
903;81270;0.09651934;6.485159;
904;81360;0.23954576;7.7492733;
905;81450;0.17231862;6.104322;
906;81540;0.10365386;6.7316775;
907;81630;0.23541005;7.6874824;
908;81720;0.16061081;6.07707;
909;81810;0.11038963;6.864615;
910;81900;0.23036264;7.412786;
911;81990;0.14852005;5.895346;
912;82080;0.10123878;6.177499;
913;82170;0.1335529;6.2830667;
914;82260;0.12142746;5.8498874;
915;82350;0.09579071;6.094374;
916;82440;0.124427915;6.8550496;
917;82530;0.31306848;8.699789;
918;82620;0.18538164;6.314258;
919;82710;0.13217185;7.5328984;
920;82800;0.27307636;7.270701;
921;82890;0.14653824;5.93039;
922;82980;0.1116859;5.669239;
923;83070;0.0902218;5.2113643;
924;83160;0.1069281;6.2456565;
925;83250;0.17219101;7.025428;
926;83340;0.14315934;5.7869606;
927;83430;0.07477523;5.2718277;
928;83520;0.07529508;5.611435;
929;83610;0.09553202;5.8436513;
930;83700;0.14928426;7.2157526;
931;83790;0.44201037;9.5883665;
932;83880;0.21913706;6.359032;
933;83970;0.14090222;7.344221;
934;84060;0.21517268;6.555537;
935;84150;0.12841755;5.835022;
936;84240;0.100264356;5.353644;
937;84330;0.078440845;5.13585;
938;84420;0.082029715;5.4264007;
939;84510;0.077073514;5.545821;
940;84600;0.14177574;7.3595486;
941;84690;0.4212861;9.105715;
942;84780;0.20288497;6.1108456;
943;84870;0.12747553;6.140977;
944;84960;0.11654048;5.5514126;
945;85050;0.10769483;5.8610578;
946;85140;0.10060636;5.734869;
947;85230;0.11084682;6.284408;
948;85320;0.1797509;7.4331098;
949;85410;0.1454677;5.902972;
950;85500;0.076768756;5.3013163;
951;85590;0.07166076;5.4913907;
952;85680;0.076021425;5.6005898;
953;85770;0.16143431;8.1391535;
954;85860;0.52827877;9.010873;
955;85950;0.22362529;6.074846;
956;86040;0.13062082;5.7682033;
957;86130;0.10230321;5.183701;
958;86220;0.08849815;5.4756603;
959;86310;0.08030149;5.225417;
960;86400;0.090852536;5.8059855;
961;86490;0.13289723;6.951353;
962;86580;0.14044608;5.8479953;
963;86670;0.09033901;6.1874495;
964;86760;0.11997851;6.7993593;
965;86850;0.29997683;8.703493;
966;86940;0.19134763;6.380134;
967;87030;0.123976454;7.1163387;
968;87120;0.22736694;7.067379;
969;87210;0.14246006;5.878925;
970;87300;0.09669246;5.532068;
971;87390;0.07749755;5.1848364;
972;87480;0.11025657;6.520285;
973;87570;0.2374738;7.6567535;
974;87660;0.17243546;5.9726815;
975;87750;0.09687793;6.0841327;
976;87840;0.13201235;6.3966093;
977;87930;0.12573372;5.8168955;
978;88020;0.08842962;5.995787;
979;88110;0.12386643;6.958388;
980;88200;0.32992622;8.608057;
981;88290;0.18619843;6.2264647;
982;88380;0.12848602;7.1296973;
983;88470;0.22032844;6.8255057;
984;88560;0.13666064;5.8573685;
985;88650;0.097487144;5.3739114;
986;88740;0.07622645;5.1118207;
987;88830;0.08623903;5.5913873;
988;88920;0.09528584;5.813245;
989;89010;0.14522134;6.8322067;
990;89100;0.3401168;8.924127;
991;89190;0.20163909;6.395462;
992;89280;0.13293514;7.294138;
993;89370;0.23442931;6.908426;
994;89460;0.13895352;5.876177;
995;89550;0.102010146;5.441931;
996;89640;0.07874341;5.1137238;
997;89730;0.09286634;5.814388;
998;89820;0.12137378;6.3558574;
999;89910;0.13418035;5.8462915;
1000;90000;0.11167819;6.7968154;
1001;90090;0.12579975;6.059544;
1002;90180;0.14864112;7.4336395;
1003;90270;0.13682863;5.8888535;
1004;90360;0.06262122;5.4423084;
1005;90450;0.06819884;5.5969853;
1006;90540;0.12744905;5.3203135;
1007;90630;0.1560698;6.437376;
1008;90720;0.13416585;5.384924;
1009;90810;0.06804832;6.624823;
1010;90900;0.12747055;5.89805;
1011;90990;0.2360235;5.741198;
1012;91080;0.09748837;5.1282897;
1013;91170;0.05810188;5.9149103;
1014;91260;0.11555544;5.9475594;
1015;91350;0.352724;6.7843733;
1016;91440;0.14735155;6.673376;
1017;91530;0.08938163;5.5443473;
1018;91620;0.13473642;8.148048;
1019;91710;0.22122356;9.581058;
1020;91800;0.14946304;6.298045;
1021;91890;0.10912436;7.1023107;
1022;91980;0.10604695;5.8244596;
1023;92070;0.11864126;5.3290358;
1024;92160;0.07334741;5.1209464;
1025;92250;0.07413303;5.5819798;
1026;92340;0.38199353;5.591937;
1027;92430;0.29983154;8.9241905;
1028;92520;0.26314378;8.073566;
1029;92610;0.11548535;6.2984834;
1030;92700;0.13529089;5.5516;
1031;92790;0.09640413;6.0815206;
1032;92880;0.14159687;6.1421223;
1033;92970;0.10358797;5.811696;
1034;93060;0.10854639;5.8171487;
1035;93150;0.113408156;6.6817565;
1036;93240;0.28738296;7.8218;
1037;93330;0.14702393;5.810165;
1038;93420;0.11317612;6.0776486;
1039;93510;0.1323896;5.746608;
1040;93600;0.11632395;6.21748;
1041;93690;0.16815212;6.609098;
1042;93780;0.11673022;5.811611;
1043;93870;0.09509706;5.478454;
1044;93960;0.11606902;7.064333;
1045;94050;0.33858135;8.048838;
1046;94140;0.16293183;5.8750405;
1047;94230;0.120103285;5.681048;
1048;94320;0.09980952;5.1287413;
1049;94410;0.11129406;6.3162475;
1050;94500;0.18927397;6.8346524;
1051;94590;0.13399546;5.7391;
1052;94680;0.085261226;5.145182;
1053;94770;0.08666813;5.833212;
1054;94860;0.13683413;6.1732025;
1055;94950;0.122895546;5.7357683;
1056;95040;0.11371569;6.5570297;
1057;95130;0.115728825;5.833069;
1058;95220;0.13109262;6.8759785;
1059;95310;0.116414614;5.6330614;
1060;95400;0.07009839;5.9090557;
1061;95490;0.1175251;6.8989887;
1062;95580;0.4411022;8.562805;
1063;95670;0.18804431;5.996831;
1064;95760;0.1319678;7.131319;
1065;95850;0.24038632;6.754067;
1066;95940;0.1261107;5.828003;
1067;96030;0.10979136;5.163126;
1068;96120;0.08792484;5.2770076;
1069;96210;0.07747066;4.9969463;
1070;96300;0.107303016;6.2949023;
1071;96390;0.24475469;7.2544403;
1072;96480;0.15551308;5.6758366;
1073;96570;0.08680591;5.47185;
1074;96660;0.08197758;5.373682;
1075;96750;0.12700106;7.076185;
1076;96840;0.3713121;8.405028;
1077;96930;0.17710423;5.8956614;
1078;97020;0.12356821;5.952215;
1079;97110;0.1136297;5.3996215;
1080;97200;0.11080518;6.106113;
1081;97290;0.14387299;6.2899857;
1082;97380;0.1184061;5.94143;
1083;97470;0.11379103;5.916403;
1084;97560;0.11294633;6.424767;
1085;97650;0.20151012;7.19508;
1086;97740;0.1349175;5.8009872;
1087;97830;0.08286847;5.163135;
1088;97920;0.07574689;5.414207;
1089;98010;0.07851983;5.2811856;
1090;98100;0.14703503;7.6536045;
1091;98190;0.46980554;8.680542;
1092;98280;0.20379461;5.9293146;
1093;98370;0.13081355;5.6630287;
1094;98460;0.10231497;5.0564485;
1095;98550;0.09264958;5.522119;
1096;98640;0.09050801;5.332078;
1097;98730;0.105133735;6.0849147;
1098;98820;0.17197908;7.064312;
1099;98910;0.13864312;5.7909145;
1100;99000;0.08156313;5.2487736;
1101;99090;0.086111814;5.935922;
1102;99180;0.1552694;6.5688963;
1103;99270;0.13389033;5.623488;
1104;99360;0.07171725;5.62225;
1105;99450;0.10926126;6.7409396;
1106;99540;0.3429087;8.233377;
1107;99630;0.18756798;6.1798697;
1108;99720;0.124701194;7.050596;
1109;99810;0.23218058;6.9006953;
1110;99900;0.13355455;5.800506;
1111;99990;0.10138751;5.2242956;
1112;100080;0.0771608;5.0310135;
1113;100170;0.07629217;5.1450834;
1114;100260;0.06409686;5.001243;
1115;100350;0.12614514;7.0597773;
1116;100440;0.42399365;8.59372;
1117;100530;0.20559338;5.8771753;
1118;100620;0.12826528;6.198944;
1119;100710;0.12946837;5.6028438;
1120;100800;0.11244029;5.815011;
1121;100890;0.1029082;5.449314;
1122;100980;0.10654868;6.183722;
1123;101070;0.1676614;6.8232374;
1124;101160;0.13378535;5.8075137;
1125;101250;0.08602571;5.2741046;
1126;101340;0.09487804;6.1828084;
1127;101430;0.18733063;6.941495;
1128;101520;0.1456943;5.6985755;
1129;101610;0.07271954;5.1684046;
1130;101700;0.05841502;5.0066714;
1131;101790;0.06262723;5.0849295;
1132;101880;0.05866166;4.923006;
1133;101970;0.102146074;5.652215;
1134;102060;0.44087985;9.59075;
1135;102150;1.3115819;5.950666;
1136;102240;0.19936106;5.3056564;
1137;102330;0.059965547;5.1100225;
1138;102420;0.051463615;5.0732985;
1139;102510;0.051392354;5.0764303;
1140;102600;0.051747788;5.0650997;
1141;102690;0.052208137;5.0438232;
1142;102780;0.05263638;5.0178347;
1143;102870;0.0527406;4.991989;
1144;102960;0.052336957;4.966181;
1145;103050;0.05151299;4.937008;
1146;103140;0.050472673;4.9079757;
1147;103230;0.049332432;4.8894224;
1148;103320;0.04816025;4.8890953;
1149;103410;0.047216944;4.908642;
1150;103500;0.046794266;4.946991;
1151;103590;0.047068115;4.9919143;
1152;103680;0.04771987;5.0466466;
1153;103770;0.048879825;5.0328217;
1154;103860;0.04786942;5.1591597;
1155;103950;0.059462193;4.806064;
1156;104040;0.78485453;23.406483;
1157;104130;4.22913;6.9502716;
1158;104220;0.10284286;5.3569484;
1159;104310;0.051369213;5.2950397;
1160;104400;0.04710693;5.256112;
1161;104490;0.04564724;5.235948;
1162;104580;0.04514748;5.220233;
1163;104670;0.04508612;5.204761;
1164;104760;0.045329794;5.189981;
1165;104850;0.045780748;5.179126;
1166;104940;0.04634624;5.1728764;
1167;105030;0.046990003;5.1672354;
1168;105120;0.04769426;5.1580133;
1169;105210;0.048380516;5.142631;
1170;105300;0.048992988;5.118948;
1171;105390;0.04949981;5.0870323;
1172;105480;0.049716473;5.051344;
1173;105570;0.04949789;5.0143332;
1174;105660;0.048919205;4.9726973;
1175;105750;0.048163038;4.9314837;
1176;105840;0.047329612;4.904228;
1177;105930;0.046511598;4.901483;
1178;106020;0.04596213;4.929341;
1179;106110;0.046040025;4.9866934;
1180;106200;0.046955224;5.069559;
1181;106290;0.04865521;5.164685;
1182;106380;0.050919283;5.271827;
1183;106470;0.053622674;5.343793;
1184;106560;0.0562094;5.4791546;
1185;106650;0.059523195;5.27376;
1186;106740;0.060461674;5.954045;
1187;106830;0.15682267;7.192111;
1188;106920;1.0700213;10.258169;
1189;107010;0.300204;5.9361024;
1190;107100;0.10420431;5.3475885;
1191;107190;0.102347955;4.8085513;
1192;107280;0.07694713;4.8717456;
1193;107370;0.069407105;4.777663;
1194;107460;0.07340798;5.0353327;
1195;107550;0.09570656;6.1359973;
1196;107640;0.117724285;5.547461;
1197;107730;0.17100802;7.781022;
1198;107820;0.15359598;6.2485185;
1199;107910;0.088290215;5.4923253;
1200;108000;0.11881013;6.1075807;
1201;108090;0.1056107;5.337372;
1202;108180;0.09567941;6.302488;
1203;108270;0.11367696;5.568667;
1204;108360;0.15540726;5.5788546;
1205;108450;0.09997864;5.2750673;
1206;108540;0.1184945;5.085045;
1207;108630;0.09354158;5.0499268;
1208;108720;0.114848055;4.69779;
1209;108810;0.07550356;5.478082;
1210;108900;0.12156456;5.974194;
1211;108990;0.5841894;10.103728;
1212;109080;0.37209132;8.872785;
1213;109170;0.13224532;5.8858533;
1214;109260;0.122338966;5.1536736;
1215;109350;0.08920404;4.899909;
1216;109440;0.08108499;4.9564457;
1217;109530;0.06752488;4.8740716;
1218;109620;0.10510126;6.2507105;
1219;109710;0.32974547;7.9157686;
1220;109800;0.17204003;5.910706;
1221;109890;0.1257908;6.782466;
1222;109980;0.2304855;6.9555426;
1223;110070;0.12908289;5.6647625;
1224;110160;0.10501112;5.0258136;
1225;110250;0.07754418;4.9260774;
1226;110340;0.06997835;4.8115764;
1227;110430;0.067778744;4.883332;
1228;110520;0.05628577;4.878269;
1229;110610;0.13222717;7.2839737;
1230;110700;0.5381328;8.951526;
1231;110790;0.22326475;5.6880827;
1232;110880;0.12740493;5.6013827;
1233;110970;0.105455846;4.9680686;
1234;111060;0.08906538;5.290001;
1235;111150;0.084439926;5.0609345;
1236;111240;0.08928476;5.5845995;
1237;111330;0.12737302;6.5698175;
1238;111420;0.12228156;5.662108;
1239;111510;0.09628758;6.0180984;
1240;111600;0.10669148;6.1778526;
1241;111690;0.21316257;7.667353;
1242;111780;0.15085861;5.9415755;
1243;111870;0.090740584;5.656693;
1244;111960;0.10629666;5.9606347;
1245;112050;0.11291246;5.8519697;
1246;112140;0.14437507;6.826195;
1247;112230;0.119926;5.598106;
1248;112320;0.06581467;5.3944125;
1249;112410;0.08733468;6.0225906;
1250;112500;0.2272625;5.6051445;
1251;112590;0.11857623;5.515358;
1252;112680;0.12124697;6.6216097;
1253;112770;0.118824564;5.7204013;
1254;112860;0.06042113;5.209805;
1255;112950;0.049639054;5.3376126;
1256;113040;0.08613995;5.7339168;
1257;113130;0.31589013;5.1580887;
1258;113220;0.17228782;8.155078;
1259;113310;0.23928647;9.109819;
1260;113400;0.12577564;5.974599;
1261;113490;0.11850316;6.8112874;
1262;113580;0.09437469;5.5781336;
1263;113670;0.071847886;5.6074715;
1264;113760;0.09973145;6.356137;
1265;113850;0.3174598;6.667983;
1266;113940;0.12808055;5.3877735;
1267;114030;0.08538273;5.281095;
1268;114120;0.0826725;5.2783623;
1269;114210;0.11772977;6.631811;
1270;114300;0.372763;8.316924;
1271;114390;0.16770831;5.7517643;
1272;114480;0.13002023;6.3474183;
1273;114570;0.16092835;5.9057446;
1274;114660;0.11188992;5.7643604;
1275;114750;0.10778637;5.192057;
1276;114840;0.10153389;6.1191473;
1277;114930;0.17416748;6.5568047;
1278;115020;0.122989886;5.6878347;
1279;115110;0.09157488;5.1263986;
1280;115200;0.09207524;5.9825773;
1281;115290;0.1746355;6.6250625;
1282;115380;0.1274157;5.5551057;
1283;115470;0.07401257;5.038645;
1284;115560;0.070824124;5.3223386;
1285;115650;0.09229831;5.342689;
1286;115740;0.13480636;6.8106155;
1287;115830;0.39881438;8.573405;
1288;115920;0.18843465;5.97637;
1289;116010;0.12566575;6.56191;
1290;116100;0.16949327;6.021892;
1291;116190;0.10981977;5.632635;
1292;116280;0.09462364;4.981338;
1293;116370;0.08201274;5.4281707;
1294;116460;0.09379745;5.595036;
1295;116550;0.11387039;6.0702367;
1296;116640;0.19053505;7.233903;
1297;116730;0.13540965;5.711142;
1298;116820;0.07755573;5.183041;
1299;116910;0.060182296;5.0289507;
1300;117000;0.10053832;6.293603;
1301;117090;0.28780973;6.933037;
1302;117180;0.15299425;5.640141;
1303;117270;0.091083795;5.7804556;
1304;117360;0.13446113;6.305438;
1305;117450;0.10977953;5.470281;
1306;117540;0.066585615;5.185749;
1307;117630;0.07663244;5.6048017;
1308;117720;0.1479032;5.323427;
1309;117810;0.12025035;5.906126;
1310;117900;0.21293032;6.783683;
1311;117990;0.15215151;6.4378014;
1312;118080;0.09272874;5.9689865;
1313;118170;0.18577756;7.0922427;
1314;118260;0.1334469;6.1674395;
1315;118350;0.09166957;5.9876475;
1316;118440;0.16942744;6.321799;
1317;118530;0.10311944;5.4262495;
1318;118620;0.06456971;5.052831;
1319;118710;0.053701673;4.9180818;
1320;118800;0.051716957;4.848913;
1321;118890;0.056364547;4.874103;
1322;118980;0.27913508;9.090383;
1323;119070;1.0448672;5.8128114;
1324;119160;0.20000225;5.2530546;
1325;119250;0.05923385;5.0221066;
1326;119340;0.05567531;4.935042;
1327;119430;0.053974424;4.9247527;
1328;119520;0.053768348;4.903543;
1329;119610;0.053565565;4.883532;
1330;119700;0.05277226;4.865845;
1331;119790;0.0517161;4.840145;
1332;119880;0.050477915;4.811386;
1333;119970;0.04898942;4.788575;
1334;120060;0.04734309;4.779364;
1335;120150;0.045791663;4.7884145;
1336;120240;0.044704586;4.81754;
1337;120330;0.044389833;4.8635354;
1338;120420;0.044846963;4.9172597;
1339;120510;0.04573571;4.9592857;
1340;120600;0.04638529;4.9688;
1341;120690;0.04630337;4.9059477;
1342;120780;0.044715617;4.776086;
1343;120870;0.04933254;4.626574;
1344;120960;1.3340367;20.20903;
1345;121050;2.5398386;7.2725835;
1346;121140;0.1274083;5.1276426;
1347;121230;0.05977086;5.1770926;
1348;121320;0.04905711;5.1666775;
1349;121410;0.045685627;5.140107;
1350;121500;0.04439944;5.108242;
1351;121590;0.043954678;5.0823507;
1352;121680;0.04394927;5.065957;
1353;121770;0.044229906;5.0566;
1354;121860;0.04472213;5.052575;
1355;121950;0.045370255;5.0534687;
1356;122040;0.046189137;5.0573945;
1357;122130;0.047074907;5.0601306;
1358;122220;0.047821756;5.0553885;
1359;122310;0.048367586;5.0339575;
1360;122400;0.048736878;4.9935427;
1361;122490;0.04886891;4.942245;
1362;122580;0.048656553;4.8918552;
1363;122670;0.048096906;4.85251;
1364;122760;0.04733544;4.8306575;
1365;122850;0.046617705;4.8307247;
1366;122940;0.04617859;4.855377;
1367;123030;0.04618517;4.906016;
1368;123120;0.04670856;4.9800267;
1369;123210;0.047798395;5.076152;
1370;123300;0.049530867;5.1845045;
1371;123390;0.051965233;5.3133883;
1372;123480;0.055251703;5.4222145;
1373;123570;0.05928725;5.619988;
1374;123660;0.06532085;5.595298;
1375;123750;0.07322687;6.4701023;
1376;123840;0.10893717;5.2679806;
1377;123930;0.51581925;8.022564;
1378;124020;0.8429871;6.8333364;
1379;124110;0.20711313;5.563257;
1380;124200;0.07035425;4.867783;
1381;124290;0.058135238;4.8244977;
1382;124380;0.053536016;4.7853885;
1383;124470;0.053023513;4.7054825;
1384;124560;0.051637087;4.6674805;
1385;124650;0.04981077;4.6534963;
1386;124740;0.04803951;4.6581793;
1387;124830;0.046041224;4.675169;
1388;124920;0.044394117;4.695148;
1389;125010;0.043417234;4.742192;
1390;125100;0.04343577;4.8164454;
1391;125190;0.04492552;4.9809356;
1392;125280;0.049072914;5.105653;
1393;125370;0.056305636;5.780123;
1394;125460;0.07731373;5.2098346;
1395;125550;0.12285684;6.849934;
1396;125640;0.19333;6.649907;
1397;125730;0.79214776;10.297984;
1398;125820;0.387552;9.1650715;
1399;125910;0.13856508;5.710054;
1400;126000;0.114093;5.0536623;
1401;126090;0.089538105;4.6496787;
1402;126180;0.07973627;4.8879285;
1403;126270;0.07902375;5.1136146;
1404;126360;0.096467644;5.6375437;
1405;126450;0.21203066;7.3250537;
1406;126540;0.14240359;6.0220647;
1407;126630;0.106787235;5.954003;
1408;126720;0.19246148;6.806411;
1409;126810;0.11762187;5.4693837;
1410;126900;0.09099365;5.3223076;
1411;126990;0.10436326;5.5795927;
1412;127080;0.09973403;5.4576135;
1413;127170;0.13585187;6.3390493;
1414;127260;0.101955295;5.2709627;
1415;127350;0.06288716;5.131036;
1416;127440;0.07458346;5.3498764;
1417;127530;0.18591776;4.685868;
1418;127620;0.08473605;4.8805366;
1419;127710;0.09912139;5.6467137;
1420;127800;0.33162266;7.2341976;
1421;127890;0.22285686;8.151059;
1422;127980;0.109628245;5.645592;
1423;128070;0.09475069;5.635333;
1424;128160;0.0766994;5.3037863;
1425;128250;0.110106796;5.9874277;
1426;128340;0.08992163;5.1953187;
1427;128430;0.07175126;5.656013;
1428;128520;0.09436052;5.6703944;
1429;128610;0.24186026;5.16227;
1430;128700;0.09958778;5.0185046;
1431;128790;0.10112953;5.852762;
1432;128880;0.09280159;5.2819757;
1433;128970;0.055769015;5.3716207;
1434;129060;0.054295067;4.9690585;
1435;129150;0.054605685;5.4205723;
1436;129240;0.08990396;5.115989;
1437;129330;0.6851646;13.685438;
1438;129420;3.2919157;7.8012238;
1439;129510;0.2701781;4.5738115;
1440;129600;0.06410012;4.74429;
1441;129690;0.050337348;4.7722926;
1442;129780;0.04662781;4.77303;
1443;129870;0.04528952;4.761861;
1444;129960;0.044680744;4.753312;
1445;130050;0.04449724;4.7514305;
1446;130140;0.044657584;4.756746;
1447;130230;0.045153204;4.7708178;
1448;130320;0.04604668;4.791822;
1449;130410;0.047219925;4.815818;
1450;130500;0.048431646;4.8368034;
1451;130590;0.04958803;4.8428955;
1452;130680;0.050652023;4.8270407;
1453;130770;0.0514465;4.7925673;
1454;130860;0.05175504;4.748027;
1455;130950;0.051462777;4.7028;
1456;131040;0.05060241;4.6649065;
1457;131130;0.04931629;4.6401544;
1458;131220;0.04781448;4.633647;
1459;131310;0.046374947;4.648878;
1460;131400;0.04528475;4.6891766;
1461;131490;0.04477876;4.7560263;
1462;131580;0.045017384;4.8477883;
1463;131670;0.046084728;4.9608946;
1464;131760;0.048020437;5.088447;
1465;131850;0.050833266;5.2257276;
1466;131940;0.054578878;5.367747;
1467;132030;0.059431706;5.533836;
1468;132120;0.06644105;5.7402406;
1469;132210;0.078552656;6.257159;
1470;132300;0.10960232;7.086941;
1471;132390;0.2588439;15.110813;
1472;132480;0.75230664;25.551605;
1473;132570;0.39801076;8.635885;
1474;132660;0.18243912;8.073536;
1475;132750;0.116649;5.739797;
1476;132840;0.10165789;5.2799435;
1477;132930;0.12403957;6.460718;
1478;133020;0.25402158;6.5283837;
1479;133110;0.12721027;5.2229958;
1480;133200;0.10292065;4.817369;
1481;133290;0.07521575;4.480752;
1482;133380;0.10718829;5.7201524;
1483;133470;0.2015442;6.2132835;
1484;133560;0.121807426;5.08482;
1485;133650;0.08230126;4.734016;
1486;133740;0.061932497;4.6937876;
1487;133830;0.11494449;6.4900084;
1488;133920;0.38614848;8.231981;
1489;134010;0.17488256;5.6921034;
1490;134100;0.12771319;6.1336756;
1491;134190;0.15570664;5.6562815;
1492;134280;0.09960883;5.155634;
1493;134370;0.08778591;4.581671;
1494;134460;0.06702287;4.6004815;
1495;134550;0.059778623;4.511523;
1496;134640;0.07920569;5.1316867;
1497;134730;0.14599687;5.876873;
1498;134820;0.11326431;5.103908;
1499;134910;0.0552199;4.8570766;
1500;135000;0.045293268;4.6586657;
1501;135090;0.040363126;4.6888876;
1502;135180;0.054736853;4.5715833;
1503;135270;0.6433438;18.150063;
1504;135360;3.878476;7.515194;
1505;135450;0.24875762;4.7359047;
1506;135540;0.056331154;4.896304;
1507;135630;0.045893427;4.9151187;
1508;135720;0.042905536;4.9087067;
1509;135810;0.041924436;4.8909698;
1510;135900;0.041582927;4.8757386;
1511;135990;0.0415912;4.8680305;
1512;136080;0.041859288;4.867571;
1513;136170;0.042350296;4.875032;
1514;136260;0.043124594;4.891024;
1515;136350;0.04420634;4.9115596;
1516;136440;0.045416772;4.9311953;
1517;136530;0.04662791;4.940165;
1518;136620;0.047807608;4.930819;
1519;136710;0.048813947;4.90188;
1520;136800;0.049426995;4.858308;
1521;136890;0.049514618;4.807823;
1522;136980;0.049076673;4.75746;
1523;137070;0.048206784;4.716476;
1524;137160;0.04705547;4.6921673;
1525;137250;0.045854907;4.6896515;
1526;137340;0.044875607;4.712728;
1527;137430;0.044398632;4.76494;
1528;137520;0.04467915;4.8479085;
1529;137610;0.045952234;4.9655375;
1530;137700;0.04852536;5.1189246;
1531;137790;0.05292648;5.3348103;
1532;137880;0.06059367;5.630858;
1533;137970;0.07546412;6.3042507;
1534;138060;0.1111974;7.370824;
1535;138150;0.22954752;13.548799;
1536;138240;0.47811848;18.476913;
1537;138330;0.36218715;13.890775;
1538;138420;0.21846542;8.222695;
1539;138510;0.11451968;6.443117;
1540;138600;0.07658816;5.309249;
1541;138690;0.05624589;4.858719;
1542;138780;0.06773691;5.0151024;
1543;138870;0.6357154;18.21556;
1544;138960;3.5341284;7.822832;
1545;139050;0.29271254;4.3712687;
1546;139140;0.05401737;4.6489344;
1547;139230;0.042742364;4.702823;
1548;139320;0.03989343;4.7173924;
1549;139410;0.03927002;4.7124877;
1550;139500;0.039250627;4.7017527;
1551;139590;0.03950736;4.694045;
1552;139680;0.03993461;4.6922297;
1553;139770;0.04052863;4.6950145;
1554;139860;0.04130078;4.7024918;
1555;139950;0.04229402;4.7147074;
1556;140040;0.043531734;4.7273345;
1557;140130;0.04482301;4.736108;
1558;140220;0.04596787;4.73437;
1559;140310;0.046935335;4.713936;
1560;140400;0.04765867;4.6743073;
1561;140490;0.047968604;4.623845;
1562;140580;0.047735214;4.5714493;
1563;140670;0.046925835;4.5256953;
1564;140760;0.045626175;4.4925175;
1565;140850;0.044026185;4.4753504;
1566;140940;0.042392313;4.475211;
1567;141030;0.04098302;4.493049;
1568;141120;0.03998343;4.5266333;
1569;141210;0.03945396;4.5725474;
1570;141300;0.03930549;4.615538;
1571;141390;0.039211452;4.6486473;
1572;141480;0.03892233;4.61135;
1573;141570;0.037308663;4.552787;
1574;141660;0.037581623;4.346063;
1575;141750;0.3067937;10.531712;
1576;141840;1.3907198;5.634121;
1577;141930;0.23486514;4.7963767;
1578;142020;0.050022;4.4294724;
1579;142110;0.045510177;4.437931;
1580;142200;0.045324076;4.4449167;
1581;142290;0.04565014;4.4297304;
1582;142380;0.045662303;4.4223237;
1583;142470;0.04538392;4.4119134;
1584;142560;0.04494653;4.3924403;
1585;142650;0.044281647;4.3752575;
1586;142740;0.043315727;4.373385;
1587;142830;0.04217585;4.395973;
1588;142920;0.041234974;4.4481606;
1589;143010;0.041028902;4.538246;
1590;143100;0.042156816;4.674617;
1591;143190;0.04525821;4.8816667;
1592;143280;0.05141389;5.1824045;
1593;143370;0.063430406;5.7622757;
1594;143460;0.08999761;6.723381;
1595;143550;0.1674659;10.923612;
1596;143640;0.33893192;14.221177;
1597;143730;0.41443592;20.277191;
1598;143820;0.30123395;8.561296;
1599;143910;0.16323212;8.376185;
1600;144000;0.1073706;5.7359276;
1601;144090;0.071297765;5.2886543;
1602;144180;0.07491016;5.1951146;
1603;144270;0.13662463;4.617709;
1604;144360;0.09016158;4.626043;
1605;144450;0.14549448;7.0793543;
1606;144540;0.50044626;9.034814;
1607;144630;0.19564684;5.781267;
1608;144720;0.12542754;5.836308;
1609;144810;0.12940599;4.787337;
1610;144900;0.08032261;4.7245116;
1611;144990;0.07775454;4.3447537;
1612;145080;0.059948843;4.234115;
1613;145170;0.059476376;4.308519;
1614;145260;0.051922962;4.378952;
1615;145350;0.09441434;5.646298;
1616;145440;0.33559224;7.7622623;
1617;145530;0.23596342;8.264551;
1618;145620;0.12624098;5.9699626;
1619;145710;0.13998254;5.851219;
1620;145800;0.08226465;5.001638;
1621;145890;0.06971974;4.496207;
1622;145980;0.051422246;4.356626;
1623;146070;0.05017234;4.29732;
1624;146160;0.044048753;4.243288;
1625;146250;0.062488757;4.573165;
1626;146340;0.33929652;8.260136;
1627;146430;0.86702245;6.1325097;
1628;146520;0.21337295;5.0681443;
1629;146610;0.054271232;4.5344443;
1630;146700;0.046780225;4.5694823;
1631;146790;0.046077725;4.5823207;
1632;146880;0.04620814;4.547006;
1633;146970;0.045752823;4.5252657;
1634;147060;0.04518678;4.4962764;
1635;147150;0.044591278;4.4629855;
1636;147240;0.043628342;4.447943;
1637;147330;0.042407256;4.4566474;
1638;147420;0.04134545;4.4921675;
1639;147510;0.040895898;4.5611362;
1640;147600;0.04160155;4.6706667;
1641;147690;0.044001766;4.837753;
1642;147780;0.04893604;5.0887365;
1643;147870;0.058367256;5.5174036;
1644;147960;0.07841859;6.3428345;
1645;148050;0.13055223;8.649895;
1646;148140;0.27276626;13.915995;
1647;148230;0.43595394;20.141188;
1648;148320;0.33243167;10.917885;
1649;148410;0.18784836;8.569841;
1650;148500;0.109664366;5.9027243;
1651;148590;0.06751256;5.188745;
1652;148680;0.062450044;4.864384;
1653;148770;0.09695419;4.8406534;
1654;148860;0.20229276;4.82472;
1655;148950;0.18221362;6.053892;
1656;149040;0.18336812;7.7239814;
1657;149130;0.09952986;5.399684;
1658;149220;0.09362849;6.092556;
1659;149310;0.07622783;5.011669;
1660;149400;0.06487023;5.278212;
1661;149490;0.082379535;5.2886753;
1662;149580;0.20473516;4.4096284;
1663;149670;0.097252615;4.4390893;
1664;149760;0.07348522;4.391473;
1665;149850;0.09185473;4.9188576;
1666;149940;0.21635398;5.3032064;
1667;150030;0.12848416;7.0899973;
1668;150120;0.092548236;5.494518;
1669;150210;0.103972286;7.8055496;
1670;150300;0.13823417;7.914381;
1671;150390;0.1219287;7.519737;
1672;150480;0.122519165;8.149944;
1673;150570;0.13036764;7.869095;
1674;150660;0.12493558;7.9217377;
1675;150750;0.12050089;7.471324;
1676;150840;0.105978355;6.9572325;
1677;150930;0.08722676;6.0857573;
1678;151020;0.06406498;5.1903467;
1679;151110;0.08746485;5.5700564;
1680;151200;0.7836571;10.02454;
1681;151290;0.30569974;5.111153;
1682;151380;0.16096765;5.368586;
1683;151470;0.14347008;4.37402;
1684;151560;0.09482336;4.47118;
1685;151650;0.08910887;4.3633466;
1686;151740;0.07765806;4.240798;
1687;151830;0.07004893;4.2782383;
1688;151920;0.06241136;4.185483;
1689;152010;0.061346445;4.298319;
1690;152100;0.05610708;4.418892;
1691;152190;0.100210644;5.6768284;
1692;152280;0.36650112;7.649735;
1693;152370;0.20278674;7.0316863;
1694;152460;0.106249884;5.6612363;
1695;152550;0.12231942;5.240361;
1696;152640;0.073463604;4.8105125;
1697;152730;0.066155;4.4318166;
1698;152820;0.056438103;4.46649;
1699;152910;0.056609645;4.497824;
1700;153000;0.09592804;5.5701013;
1701;153090;0.3100128;6.3771224;
1702;153180;0.16935194;6.7798533;
1703;153270;0.08697488;5.274607;
1704;153360;0.098366894;5.6073866;
1705;153450;0.06992009;4.853556;
1706;153540;0.054933377;4.762473;
1707;153630;0.054528177;4.6088243;
1708;153720;0.085557595;4.325459;
1709;153810;0.06551841;4.2248507;
1710;153900;0.06480462;4.4276357;
1711;153990;0.39516407;7.7650304;
1712;154080;0.74642223;6.241829;
1713;154170;0.17595685;5.0319533;
1714;154260;0.056448393;4.5185494;
1715;154350;0.04843669;4.5531178;
1716;154440;0.046833325;4.575849;
1717;154530;0.04687401;4.538719;
1718;154620;0.046314944;4.5150714;
1719;154710;0.045457862;4.496993;
1720;154800;0.044507895;4.4852867;
1721;154890;0.043322425;4.4975786;
1722;154980;0.042224187;4.536502;
1723;155070;0.04173601;4.604814;
1724;155160;0.04231242;4.7098646;
1725;155250;0.044369392;4.8580146;
1726;155340;0.048398618;5.07305;
1727;155430;0.055588946;5.390583;
1728;155520;0.06921153;5.9857116;
1729;155610;0.10026169;7.2327576;
1730;155700;0.1864584;11.024633;
1731;155790;0.38309827;18.292187;
1732;155880;0.39723277;16.534996;
1733;155970;0.25233132;8.136053;
1734;156060;0.12119822;6.5237055;
1735;156150;0.07588105;5.1345563;
1736;156240;0.056949344;4.629049;
1737;156330;0.069685616;4.9889264;
1738;156420;0.35594377;9.40905;
1739;156510;0.8005692;6.135819;
1740;156600;0.20734732;4.933239;
1741;156690;0.05802917;4.499046;
1742;156780;0.051447872;4.4585605;
1743;156870;0.048933633;4.433922;
1744;156960;0.04861096;4.3804274;
1745;157050;0.047852505;4.343428;
1746;157140;0.04677667;4.309573;
1747;157230;0.045739263;4.26916;
1748;157320;0.044436973;4.2325964;
1749;157410;0.042638887;4.2080226;
1750;157500;0.040511247;4.196074;
1751;157590;0.038334977;4.1953616;
1752;157680;0.03643599;4.198632;
1753;157770;0.03501104;4.201083;
1754;157860;0.03416165;4.183914;
1755;157950;0.03353803;4.1564465;
1756;158040;0.03446556;4.062375;
1757;158130;0.051262345;4.158544;
1758;158220;1.0004516;15.495422;
1759;158310;1.859593;5.5072856;
1760;158400;0.13131408;4.6334004;
1761;158490;0.05034949;4.4348445;
1762;158580;0.040432125;4.4398293;
1763;158670;0.039487667;4.4350476;
1764;158760;0.039111406;4.435364;
1765;158850;0.039155178;4.4452252;
1766;158940;0.03957401;4.4632187;
1767;159030;0.040242255;4.4837365;
1768;159120;0.04103681;4.4981275;
1769;159210;0.041964866;4.4996696;
1770;159300;0.042909727;4.4894247;
1771;159390;0.04362414;4.4694204;
1772;159480;0.04391404;4.4410043;
1773;159570;0.043745115;4.4087086;
1774;159660;0.04324444;4.379465;
1775;159750;0.042537574;4.3640957;
1776;159840;0.04180878;4.369864;
1777;159930;0.0412914;4.401642;
1778;160020;0.041235927;4.461941;
1779;160110;0.04189473;4.555431;
1780;160200;0.043517433;4.679924;
1781;160290;0.046423372;4.8517694;
1782;160380;0.051355265;5.0721216;
1783;160470;0.06010078;5.4827456;
1784;160560;0.07793737;6.06173;
1785;160650;0.12719901;8.818362;
1786;160740;0.25742468;11.581252;
1787;160830;0.4589669;23.360489;
1788;160920;0.39258292;12.91444;
1789;161010;0.20921841;7.141586;
1790;161100;0.09604108;5.7578745;
1791;161190;0.06502904;4.885998;
1792;161280;0.05002577;4.5634847;
1793;161370;0.05236391;4.405942;
1794;161460;0.10499191;4.8530498;
1795;161550;0.35887444;5.349356;
1796;161640;0.1318694;5.498863;
1797;161730;0.08100163;5.020348;
1798;161820;0.120471686;6.019771;
1799;161910;0.09128754;5.4192944;
1800;162000;0.07075854;4.6896563;
1801;162090;0.09237472;5.311241;
1802;162180;0.0748228;4.634447;
1803;162270;0.050146125;4.860923;
1804;162360;0.060698573;4.477372;
1805;162450;0.27571842;6.620341;
1806;162540;0.66286534;7.900693;
1807;162630;0.1969098;5.145881;
1808;162720;0.07756253;4.335603;
1809;162810;0.058703274;4.2866244;
1810;162900;0.048884343;4.3108544;
1811;162990;0.048950434;4.1993427;
1812;163080;0.047059197;4.1572413;
1813;163170;0.043654088;4.1508102;
1814;163260;0.041524213;4.138038;
1815;163350;0.039228674;4.164708;
1816;163440;0.03731046;4.195821;
1817;163530;0.036171276;4.2747912;
1818;163620;0.036267444;4.2996507;
1819;163710;0.036635436;4.5136275;
1820;163800;0.041371018;4.230648;
1821;163890;0.05113073;4.511695;
1822;163980;0.07123397;4.0944366;
1823;164070;1.3793651;18.370842;
1824;164160;0.76447684;5.4874973;
1825;164250;0.10236648;4.5730004;
1826;164340;0.043775987;4.6242886;
1827;164430;0.043069676;4.6227665;
1828;164520;0.04307772;4.61977;
1829;164610;0.043523107;4.616645;
1830;164700;0.044196554;4.6068516;
1831;164790;0.045051478;4.5885005;
1832;164880;0.04586109;4.5642304;
1833;164970;0.046348836;4.535485;
1834;165060;0.046372015;4.503758;
1835;165150;0.045979887;4.4725485;
1836;165240;0.04530865;4.451798;
1837;165330;0.044557016;4.450256;
1838;165420;0.043980055;4.4780664;
1839;165510;0.043888487;4.541056;
1840;165600;0.04464129;4.646979;
1841;165690;0.04669221;4.807105;
1842;165780;0.050730277;5.0427227;
1843;165870;0.058177743;5.4097223;
1844;165960;0.07269605;6.063952;
1845;166050;0.10475751;7.4710712;
1846;166140;0.18261367;10.927449;
1847;166230;0.32190436;17.052225;
1848;166320;0.32931113;13.524034;
1849;166410;0.23144256;9.192994;
1850;166500;0.14342356;7.57772;
1851;166590;0.09990371;6.204816;
1852;166680;0.07391493;5.6669703;
1853;166770;0.059255373;5.015557;
1854;166860;0.046564855;4.695961;
1855;166950;0.04748998;4.3230023;
1856;167040;0.5535349;17.623077;
1857;167130;3.1632576;6.3472967;
1858;167220;0.2542569;4.1662006;
1859;167310;0.056334574;4.2314253;
1860;167400;0.040646706;4.243406;
1861;167490;0.03779067;4.243817;
1862;167580;0.03713853;4.2354107;
1863;167670;0.036999557;4.2272725;
1864;167760;0.037117064;4.2221937;
1865;167850;0.03741259;4.224521;
1866;167940;0.03795886;4.234251;
1867;168030;0.038709898;4.247182;
1868;168120;0.03955347;4.2568502;
1869;168210;0.040518284;4.2564816;
1870;168300;0.04156577;4.2461777;
1871;168390;0.042436413;4.2291703;
1872;168480;0.04290075;4.20506;
1873;168570;0.042864304;4.1725416;
1874;168660;0.042370334;4.1350837;
1875;168750;0.041467093;4.100977;
1876;168840;0.040244717;4.0773396;
1877;168930;0.038841553;4.068357;
1878;169020;0.03744281;4.074267;
1879;169110;0.036219545;4.091461;
1880;169200;0.035248198;4.1132092;
1881;169290;0.034465488;4.125031;
1882;169380;0.03365354;4.1133986;
1883;169470;0.03266713;4.046145;
1884;169560;0.031988557;3.947798;
1885;169650;0.038196586;3.8250082;
1886;169740;0.85032594;19.240776;
1887;169830;2.805121;6.7268867;
1888;169920;0.17764528;4.686393;
1889;170010;0.054886702;4.4250665;
1890;170100;0.041370932;4.3791003;
1891;170190;0.03842554;4.3494167;
1892;170280;0.0372469;4.325059;
1893;170370;0.036719307;4.307318;
1894;170460;0.036560655;4.298819;
1895;170550;0.036723875;4.301077;
1896;170640;0.03718166;4.310969;
1897;170730;0.03780285;4.323192;
1898;170820;0.038590696;4.330825;
1899;170910;0.039552707;4.332191;
1900;171000;0.040509306;4.3290205;
1901;171090;0.041231807;4.3209987;
1902;171180;0.041600384;4.3051014;
1903;171270;0.041658584;4.2865505;
1904;171360;0.04149833;4.274099;
1905;171450;0.041255884;4.2795377;
1906;171540;0.041147694;4.314261;
1907;171630;0.04149083;4.3867464;
1908;171720;0.04268071;4.508303;
1909;171810;0.045232035;4.6933823;
1910;171900;0.049983565;4.9716415;
1911;171990;0.058717065;5.4135356;
1912;172080;0.075783804;6.2079744;
1913;172170;0.11206592;7.818413;
1914;172260;0.1877128;11.17226;
1915;172350;0.28105024;14.706778;
1916;172440;0.27524233;11.510619;
1917;172530;0.21613373;10.517368;
1918;172620;0.15883914;7.361002;
1919;172710;0.1156114;7.5052404;
1920;172800;0.09797611;5.9167337;
1921;172890;0.07900849;6.355523;
1922;172980;0.07975178;5.0659113;
1923;173070;0.07684983;4.8784294;
1924;173160;0.120048314;6.127155;
1925;173250;0.420158;4.6533012;
1926;173340;0.14989518;4.0620146;
1927;173430;0.066301055;4.809213;
1928;173520;0.057939425;4.271393;
1929;173610;0.09408296;6.3152313;
1930;173700;0.103655495;6.336435;
1931;173790;0.0788044;4.911046;
1932;173880;0.103913285;7.6467695;
1933;173970;0.15423629;8.912273;
1934;174060;0.14347506;7.338523;
1935;174150;0.16795577;10.968045;
1936;174240;0.20863308;10.213707;
1937;174330;0.16303214;7.497883;
1938;174420;0.11857843;7.375193;
1939;174510;0.09583971;5.5672693;
1940;174600;0.068965375;5.254461;
1941;174690;0.08311892;5.025109;
1942;174780;0.68482673;14.798183;
1943;174870;1.3619912;4.8081894;
1944;174960;0.13954145;4.172558;
1945;175050;0.04269473;4.077451;
1946;175140;0.040322352;4.086004;
1947;175230;0.04009407;4.0778403;
1948;175320;0.039999194;4.077577;
1949;175410;0.040243335;4.0778303;
1950;175500;0.04059351;4.0758886;
1951;175590;0.040887818;4.0657234;
1952;175680;0.041147403;4.0426393;
1953;175770;0.04126711;4.0130796;
1954;175860;0.041006036;3.9862547;
1955;175950;0.040243346;3.9656112;
1956;176040;0.03901813;3.9534602;
1957;176130;0.03752939;3.949697;
1958;176220;0.036008313;3.9543107;
1959;176310;0.034634594;3.9626553;
1960;176400;0.03347287;3.9668305;
1961;176490;0.032466233;3.953749;
1962;176580;0.031528685;3.9138327;
1963;176670;0.030922752;3.8325267;
1964;176760;0.032700107;3.7420025;
1965;176850;0.06104275;3.9251695;
1966;176940;0.62528324;5.296509;
1967;177030;0.24393512;9.282653;
1968;177120;0.19402689;9.05062;
1969;177210;0.12616237;4.5107965;
1970;177300;0.089471824;6.2101464;
1971;177390;0.08287458;5.895884;
1972;177480;0.06763765;4.7345076;
1973;177570;0.06404077;5.968157;
1974;177660;0.0739523;5.5731535;
1975;177750;0.07852232;6.629793;
1976;177840;0.10044444;7.071163;
1977;177930;0.13529381;9.472632;
1978;178020;0.19377151;10.7633505;
1979;178110;0.2237384;12.090976;
1980;178200;0.21037216;9.504816;
1981;178290;0.16349372;8.65961;
1982;178380;0.124482624;6.59288;
1983;178470;0.08930665;6.1912193;
1984;178560;0.07307978;4.9363;
1985;178650;0.056806624;4.395935;
1986;178740;0.096307546;5.463425;
1987;178830;0.57248384;7.9561167;
1988;178920;0.5343805;7.9324408;
1989;179010;0.16399601;5.009695;
1990;179100;0.06405221;4.230962;
1991;179190;0.051385608;4.2562423;
1992;179280;0.047581937;4.1758857;
1993;179370;0.04657557;4.063107;
1994;179460;0.044421133;4.000902;
1995;179550;0.042282954;3.9438756;
1996;179640;0.040352304;3.8948734;
1997;179730;0.038003407;3.8755305;
1998;179820;0.03566204;3.869813;
1999;179910;0.03369172;3.8719423;
